{
 "align_labels_left": 0, 
 "creation": "2017-05-21 21:55:58.284880", 
 "custom_format": 1, 
 "disabled": 0, 
 "doc_type": "Loan", 
 "docstatus": 0, 
 "doctype": "Print Format", 
 "font": "Default", 
 "html": "<h2 class=\"text-center\">ACTO DE VENTA BAJO FIRMA PRIVADA</h2><br>\n<p class=\"text-justify\">\n    ENTRE los se\u00f1ores, de una parte:___________________________________,dominicano, mayor de edad,_______________, de profesi\u00f3n ______________________ domiciliado y residente de la casa No.___________ de la calle ______________________ en ______________________________, portador de la C\u00e9dula de Identidad Personal No.___________________, Serie _________, con sello h\u00e1bil, quien en lo que sigue del presente acto se denominar\u00e1 EL VENDEDOR; y la otra parte ___________________________\n    Dominicano mayor de edad, __________________, de profesi\u00f3n ____________________________ domiciliado y residente en la casa No.__________ de la calle _______________ en _____________________, portador de la C\u00e9dula de Identificaci\u00f3n Personal No.______________________, serie _____, con sello h\u00e1bil, quien en lo que sigue del presente acto se denominar\u00e1 EL COMPRADOR; se ha convenido y pactado lo siguiente: <br>\n    PRIMERO EL VENDEDOR, por medio del presente acto, vende, cede y transfiere con todas las garant\u00edas de hecho y de derecho, desde ahora y para siempre , al COMPRADOR, quien acepta, el siguiente veh\u00edculo: <br><br>\n    TIPO DE VEH\u00cdCULO _______________________/ MARCA ____________________________<br>\n    MODELO________________________/ COLOR_____________ /PLACA_________________<br>\n    CHASSIS No.______________________/ REGISTRO ________________________________<br>\n    PROPIEDAD DE:  _____________________________________________________________<br>\n    <br><br>\n    SEGUNDO: EL(LA) VENDEDOR (A) , con la suscripci\u00f3n del presente documento, declara bajo juramento, haber recibido conforme de manos de EL (LA) COMPRADOR (A)  la suma de RD$ ____________________ (           ), el cual presenta el pago total del precio de la compraventa del veh\u00edculo de motor antes descrito y al cual se refiere el presente acto, por cuya raz\u00f3n le otorga formal recibo de descargo y finiquito legal por dicha suma a la vez que le otorga AUTORIZACI\u00d3N a la Direcci\u00f3n General de Rentas Internas para que transfiera a favor de EL(LA) COMPRADOR (A)  a la propiedad del ya citado veh\u00edculo de motor antes descrito.  <br>\n    TERCERO: EL (LA) COMPRADOR (A), a partir de la firma del presente acto entrar\u00e1 en pleno goce y disfrute del veh\u00edculo descrito quedando el mismo bajo su custodia y responsabilidad, por el cual es EL (LA) COMPRADOR (A) el \u00fanico responsable y as\u00ed lo acepta de cualquier da\u00f1o que pueda ocasionarle a un tercero sean estas personas o cosas y cualquier acto de vandalismo que ocurra en el veh\u00edculo descrito en el presente documento. <br>\n    HECHO Y FIRMADO DE BUENA FE, en la ciudad de Santo Domingo, Distrito Nacional, Capital de la Rep\u00fablica Dominicana, a los ___________________________(        ) d\u00edas del mes de _______________ , del a\u00f1o ___________________\n</p>\n<br><br><br>\n<div class=\"col-md-12\">\n    <div class=\"col-xs-6 col-md-6 column-break\">\n        <p class=\"text-center\">\n            ________________________________</span> <br>\n            <span class=\"text-center\">\n                COMPRADOR(A)\n        </p>\n    </div>\n    <div class=\"col-xs-6 col-md-6 column-break\">\n    <p class=\"text-center\">________________________________</span> <br>\n    <span class=\"text-center\">VENDEDOR(A)</p>\n    </div>\n</div>\n<br> <br> <br> <br> <br> <br> <br> <br> <br> <br> <br> <br> <br>\n<p class=\"text-justify\">\n    Yo ________________________________________________________, abogado-Notario Publico de los del numero de _______________________, portador de la Cedula de Identidad Personal No._____________________ serie _____________________ con sello h\u00e1bil, con estudio profesional abierto en la casa       No. __________________\n    De la calle ________________________________________ de esta ciudad, CERTIFICO Y DOY FE, que las firmas que anteceden fueran puestas en mi presencia libre y voluntariamente por los se\u00f1ores _______________________________________________________________\n    Y __________________________________________, de generales que constan, quienes me ha declarado bajo fe de juramento ser estas las mismas que acostumbran utilizar en todos sus actos tanto p\u00fablicos como privados, por lo que se les puede dar entra fe y credito.\n    <br>\n    En __________________________________________________________, Republica Dominicana, a los __________________________        (____________) dias del mes de \n    __________________________del a\u00f1o.\n</p>\n<br><br><br><br>\n<p class=\"text-center\">  ___________________________________ <br>\n    ABOGADO NOTARIO PUBLICO \n</p>", 
 "idx": 0, 
 "line_breaks": 0, 
 "modified": "2017-05-21 22:25:10.117757", 
 "modified_by": "yefri@soldeva.com", 
 "module": "Finance Manager", 
 "name": "Acto de Venta", 
 "owner": "yefri@soldeva.com", 
 "print_format_builder": 0, 
 "print_format_type": "Server", 
 "show_section_headings": 0, 
 "standard": "Yes"
}