[
	{
		"account_of_suppliers": "Acreedores - DO", 
		"allocated_to_email": "example@gmail.com", 
		"app_id": "debba3f1e3e84f7496ad31bc87c13da4", 
		"composite_rate_of_interest": "9", 
		"customer_loan_account": "Deudores (DOP) - DO", 
		"default_insurance_supplier": "Seguros Patria", 
		"disbursement_account": "Banco Popular (DOP) - DO", 
		"docstatus": 0, 
		"doctype": "FM Configuration", 
		"expenses_account": "Gastos de Cierre (DOP) - DO", 
		"goods_received_but_not_billed": "Acciones recibidas pero no facturadas - DO", 
		"grace_days": 5, 
		"interest_for_late_payment": "Intereses de Prestamos (DOP) - DO", 
		"interest_income_account": "Intereses de Prestamos (DOP) - DO", 
		"interest_on_loans": "Intereses de Prestamos (DOP) - DO", 
		"legal_expenses_rate": "7", 
		"max_loan_amount_vehic": 850000.0, 
		"max_loan_amount_vivienda": 1200000.0, 
		"maximum_pending_amount": 10.0, 
		"mode_of_payment": "Efectivo", 
		"modified": "2017-07-05 16:11:20.390665", 
		"name": "FM Configuration", 
		"payment_account": "Caja (DOP) - DO", 
		"renew_insurance": 8, 
		"simple_rate_of_interest": "1.5", 
		"vehicle_fine": 5.0, 
		"vivienda_fine": 5.0
	}
]