[
 {
  "align_labels_left": 0, 
  "css": null, 
  "custom_format": 1, 
  "disabled": 0, 
  "doc_type": "Sales Invoice", 
  "docstatus": 0, 
  "doctype": "Print Format", 
  "font": null, 
  "format_data": null, 
  "html": "<style>\n\t.print-format table, .print-format tr, \n\t.print-format td, .print-format div, .print-format p {\n\t\tfont-family: Monospace;\n\t\tline-height: 200%;\n\t\tvertical-align: middle;\n\t}\n\t@media screen {\n\t\t.print-format {\n\t\t\twidth: 4in;\n\t\t\tpadding: 0.25in;\n\t\t\tmin-height: 8in;\n\t\t}\n\t}\n</style>\n\n<p class=\"text-center\">\n\t{{ doc.company }}<br>\n\t{{ doc.select_print_heading or _(\"Invoice\") }}<br>\n</p>\n<p>\n\t<b>{{ _(\"Receipt No\") }}:</b> {{ doc.name }}<br>\n\t<b>{{ _(\"Date\") }}:</b> {{ doc.get_formatted(\"posting_date\") }}<br>\n\t<b>{{ _(\"Customer\") }}:</b> {{ doc.customer_name }}\n</p>\n\n<hr>\n<table class=\"table table-condensed cart no-border\">\n\t<thead>\n\t\t<tr>\n\t\t\t<th width=\"50%\">{{ _(\"Item\") }}</b></th>\n\t\t\t<th width=\"25%\" class=\"text-right\">{{ _(\"Qty\") }}</th>\n\t\t\t<th width=\"25%\" class=\"text-right\">{{ _(\"Amount\") }}</th>\n\t\t</tr>\n\t</thead>\n\t<tbody>\n\t\t{%- for item in doc.items -%}\n\t\t<tr>\n\t\t\t<td>\n\t\t\t\t{{ item.item_code }}\n\t\t\t\t{%- if item.item_name != item.item_code -%}\n\t\t\t\t\t<br>{{ item.item_name }}{%- endif -%}\n\t\t\t</td>\n\t\t\t<td class=\"text-right\">{{ item.qty }}<br>@ {{ item.get_formatted(\"rate\") }}</td>\n\t\t\t<td class=\"text-right\">{{ item.get_formatted(\"amount\") }}</td>\n\t\t</tr>\n\t\t{%- endfor -%}\n\t</tbody>\n</table>\n<table class=\"table table-condensed no-border\">\n\t<tbody>\n\t\t<tr>\n\t\t\t<td class=\"text-right\" style=\"width: 70%\">\n\t\t\t\t{{ _(\"Net Total\") }}\n\t\t\t</td>\n\t\t\t<td class=\"text-right\">\n\t\t\t\t{{ doc.get_formatted(\"net_total\") }}\n\t\t\t</td>\n\t\t</tr>\n\t\t{%- for row in doc.taxes -%}\n\t\t{%- if not row.included_in_print_rate -%}\n\t\t<tr>\n\t\t\t<td class=\"text-right\" style=\"width: 70%\">\n\t\t\t\t{{ row.description }}\n\t\t\t</td>\n\t\t\t<td class=\"text-right\">\n\t\t\t\t{{ row.get_formatted(\"tax_amount\", doc) }}\n\t\t\t</td>\n\t\t</tr>\n\t\t{%- endif -%}\n\t\t{%- endfor -%}\n\t\t{%- if doc.discount_amount -%}\n\t\t<tr>\n\t\t\t<td class=\"text-right\" style=\"width: 75%\">\n\t\t\t\t{{ _(\"Discount\") }}\n\t\t\t</td>\n\t\t\t<td class=\"text-right\">\n\t\t\t\t{{ doc.get_formatted(\"discount_amount\") }}\n\t\t\t</td>\n\t\t</tr>\n\t\t{%- endif -%}\n\t\t<tr>\n\t\t\t<td class=\"text-right\" style=\"width: 75%\">\n\t\t\t\t<b>{{ _(\"Grand Total\") }}</b>\n\t\t\t</td>\n\t\t\t<td class=\"text-right\">\n\t\t\t\t{{ doc.get_formatted(\"grand_total\") }}\n\t\t\t</td>\n\t\t</tr>\n\t</tbody>\n</table>\n{% if doc.get(\"taxes\", filters={\"included_in_print_rate\": 1}) %}\n<hr>\n<p><b>Taxes Included:</b></p>\n<table class=\"table table-condensed no-border\">\n\t<tbody>\n\t\t{%- for row in doc.taxes -%}\n\t\t{%- if row.included_in_print_rate -%}\n\t\t<tr>\n\t\t\t<td class=\"text-right\" style=\"width: 70%\">\n\t\t\t\t{{ row.description }}\n\t\t\t</td>\n\t\t\t<td class=\"text-right\">\n\t\t\t\t{{ row.get_formatted(\"tax_amount_after_discount_amount\", doc) }}\n\t\t\t</td>\n\t\t<tr>\n\t\t{%- endif -%}\n\t\t{%- endfor -%}\n\t</tbody>\n</table>\n{%- endif -%}\n<hr>\n<p>{{ doc.terms or \"\" }}</p>\n<p class=\"text-center\">{{ _(\"Thank you, please visit again.\") }}</p>", 
  "line_breaks": 0, 
  "modified": "2015-04-21 05:06:29.380856", 
  "module": "Accounts", 
  "name": "POS Invoice", 
  "print_format_builder": 0, 
  "print_format_type": "Server", 
  "show_section_headings": 0, 
  "standard": "Yes"
 }, 
 {
  "align_labels_left": 0, 
  "css": null, 
  "custom_format": 1, 
  "disabled": 0, 
  "doc_type": "Journal Entry", 
  "docstatus": 0, 
  "doctype": "Print Format", 
  "font": null, 
  "format_data": null, 
  "html": "<div style=\"position: relative\">\n\n\t{%- from \"templates/print_formats/standard_macros.html\" import add_header -%}\n<div class=\"page-break\">\n    {%- if not doc.get(\"print_heading\") and not doc.get(\"select_print_heading\") \n        and doc.set(\"select_print_heading\", _(\"Payment Advice\")) -%}{%- endif -%}\n    {{ add_header(0, 1, doc, letter_head, no_letterhead) }}\n\n{%- for label, value in (\n        (_(\"Voucher Date\"), frappe.utils.formatdate(doc.voucher_date)),\n        (_(\"Reference / Cheque No.\"), doc.cheque_no),\n        (_(\"Reference / Cheque Date\"), frappe.utils.formatdate(doc.cheque_date))\n    ) -%}\n    <div class=\"row\">\n        <div class=\"col-xs-4\"><label class=\"text-right\">{{ label }}</label></div>\n        <div class=\"col-xs-8\">{{ value }}</div>\n    </div>\n{%- endfor -%}\n\t<hr>\n\t<p>{{ _(\"This amount is in full / part settlement of the listed bills\") }}:</p>\n{%- for label, value in (\n         (_(\"Amount\"), \"<strong>\" + doc.get_formatted(\"total_amount\") + \"</strong><br>\" + (doc.total_amount_in_words or \"\") + \"<br>\"),\n        (_(\"References\"), doc.remark)\n    ) -%}\n    <div class=\"row\">\n        <div class=\"col-xs-4\"><label class=\"text-right\">{{ label }}</label></div>\n        <div class=\"col-xs-8\">{{ value }}</div>\n    </div>\n    {%- endfor -%}\n    <hr>\n\t<div style=\"position: absolute; top: 14cm; left: 0cm;\">\n\t\tPrepared By</div>\n\t<div style=\"position: absolute; top: 14cm; left: 5.5cm;\">\n\t\tAuthorised Signatory</div>\n\t<div style=\"position: absolute; top: 14cm; left: 11cm;\">\n\t\tReceived Payment as Above</div>\n\t<div style=\"position: absolute; top: 16.4cm; left: 5.9cm;\">\n\t\t<strong>_____________</strong></div>\n\t<div style=\"position: absolute; top: 16.7cm; left: 6cm;\">\n\t\t<strong>A/C Payee</strong></div>\n\t<div style=\"position: absolute; top: 16.7cm; left: 5.9cm;\">\n\t\t<strong>_____________</strong></div>\n\t<div style=\"position: absolute; top: 16.9cm; left: 12cm;\">\n\t\t{{ frappe.utils.formatdate(doc.cheque_date) }}</div>\n\t<div style=\"position: absolute; top: 17.9cm; left: 1cm;\">\n\t\t{{ doc.pay_to_recd_from }}</div>\n\t<div style=\"position: absolute; top: 18.6cm; left: 1cm; width: 7cm;\">\n\t\t{{ doc.total_amount_in_words }}</div>\n\t<div style=\"position: absolute; top: 19.7cm; left: 12cm;\">\n\t\t{{ doc.get_formatted(\"total_amount\") }}</div>\n</div>", 
  "line_breaks": 0, 
  "modified": "2015-05-29 01:57:51.203850", 
  "module": "Accounts", 
  "name": "Cheque Printing Format", 
  "print_format_builder": 0, 
  "print_format_type": "Server", 
  "show_section_headings": 0, 
  "standard": "Yes"
 }, 
 {
  "align_labels_left": 0, 
  "css": null, 
  "custom_format": 0, 
  "disabled": 0, 
  "doc_type": "Journal Entry", 
  "docstatus": 0, 
  "doctype": "Print Format", 
  "font": null, 
  "format_data": null, 
  "html": "", 
  "line_breaks": 0, 
  "modified": "2015-11-25 07:06:00.668141", 
  "module": "Accounts", 
  "name": "Payment Receipt Voucher", 
  "print_format_builder": 0, 
  "print_format_type": "Server", 
  "show_section_headings": 0, 
  "standard": "Yes"
 }, 
 {
  "align_labels_left": 0, 
  "css": null, 
  "custom_format": 0, 
  "disabled": 0, 
  "doc_type": "Journal Entry", 
  "docstatus": 0, 
  "doctype": "Print Format", 
  "font": null, 
  "format_data": null, 
  "html": "{%- from \"templates/print_formats/standard_macros.html\" import add_header -%}\n\n<div class=\"page-break\">\n    {%- if not doc.get(\"print_heading\") and not doc.get(\"select_print_heading\") \n        and doc.set(\"select_print_heading\", _(\"Credit Note\")) -%}{%- endif -%}\n    {{ add_header(0, 1, doc, letter_head, no_letterhead) }}\n\n    {%- for label, value in (\n        (_(\"Credit To\"), doc.pay_to_recd_from),\n        (_(\"Date\"), frappe.utils.formatdate(doc.voucher_date)),\n        (_(\"Amount\"), \"<strong>\" + doc.get_formatted(\"total_amount\") + \"</strong><br>\" + (doc.total_amount_in_words or \"\") + \"<br>\"),\n        (_(\"Remarks\"), doc.remark)\n    ) -%}\n\n    <div class=\"row\">\n        <div class=\"col-xs-3\"><label class=\"text-right\">{{ label }}</label></div>\n        <div class=\"col-xs-9\">{{ value }}</div>\n    </div>\n\n    {%- endfor -%}\n\n    <hr>\n    <br>\n    <p class=\"strong\">\n        {{ _(\"For\") }} {{ doc.company }},<br>\n        <br>\n        <br>\n        <br>\n        {{ _(\"Authorized Signatory\") }}\n    </p>\n</div>\n\n\n", 
  "line_breaks": 0, 
  "modified": "2015-07-22 17:42:01.560817", 
  "module": "Accounts", 
  "name": "Credit Note", 
  "print_format_builder": 0, 
  "print_format_type": "Server", 
  "show_section_headings": 0, 
  "standard": "Yes"
 }, 
 {
  "align_labels_left": 0, 
  "css": null, 
  "custom_format": 1, 
  "disabled": 0, 
  "doc_type": "Offer Letter", 
  "docstatus": 0, 
  "doctype": "Print Format", 
  "font": null, 
  "format_data": null, 
  "html": "{% set terms_exist = doc.terms and (doc.terms|striptags).strip() or \"\" %}\n\n{% if letter_head and not no_letterhead -%}\n    <div class=\"letter-head\">{{ letter_head }}</div>\n    <hr>\n{%- endif %}\n\n<div {% if terms_exist -%} class=\"page-break\" {%- endif %}>\n<p>\n\n<!-- offer letter content starts here, <br> is used to create new lines -->\nDate: {{ doc.offer_date }}\n<br><br>\n\nDear {{ doc.applicant_name }}, \n\n<br><br>\n\nWe are pleased to appoint you in the services of {{ doc.company }} on the terms and conditions detailed in this letter.\n\n<br><br>\n\nYour designation shall be <b>{{ doc.designation }}</b>.\n\n<br><br>\n\n<!-- offer letter terms and description from the table -->\n\n{%- if doc.offer_terms -%}\n    {%- for row in doc.offer_terms -%}\n        <b>{{ row.offer_term }}:</b> {{ row.value }}\n\n        <br>\n    {%- endfor -%}\n{%- endif -%}\n\n<br>\n\n<!-- offer letter content continues -->\n\n\nPlease read the detailed terms as below. If you have any queries, feel free to get in touch with us.\nWe look forward to your long and fruitful career association with our organisation.\nIf you decide to join us, 'Welcome to {{ doc.company }} !'\n\n<br><br>\n\n<p class=\"strong\">\n\nYours truly,\n\n<br><br><br><br>\n\nAuthorized Signatory\n\n<br>\n\n{{ doc.company }}\n\n<!-- offer letter content ends here -->\n\n</p>\n</div>\n\n<!-- offer letter terms and conditions -->\n{% if terms_exist %}\n<div> {{ doc.terms }} </div>\n{% endif %}", 
  "line_breaks": 0, 
  "modified": "2015-12-04 11:46:28.897657", 
  "module": "HR", 
  "name": "Offer Letter", 
  "print_format_builder": 0, 
  "print_format_type": "Server", 
  "show_section_headings": 0, 
  "standard": "Yes"
 }, 
 {
  "align_labels_left": 0, 
  "css": null, 
  "custom_format": 1, 
  "disabled": 0, 
  "doc_type": "Purchase Order", 
  "docstatus": 0, 
  "doctype": "Print Format", 
  "font": "Default", 
  "format_data": null, 
  "html": "<div class=\"page-break\">\n    <div class=\"print-heading\">\n\t\t<h2>Purchase Order<br>\n\t        <small>{{doc.name}}</small>\n        </h2>\n    </div>\n    <div class=\"row section-break\">\n        <div class=\"col-xs-6 column-break\">\n                <div class=\"row\">\n\t\t\t\t\t<div class=\"col-xs-5 text-right\">\n\t\t\t\t\t\t<label>Supplier Name</label>\n\t\t\t\t\t</div>\n\t\t\t\t\t<div class=\"col-xs-7  value\">\n\t\t\t\t\t\t{{doc.supplier_name}}\n\t\t\t\t\t</div>\n\t\t\t\t</div>\n\t\t\t\t{% if doc.address_display %}\n\t                <div class=\"row\">\n\t\t\t\t\t\t<div class=\"col-xs-5 text-right\">\n\t\t\t\t\t\t\t<label>Address</label>\n\t\t\t\t\t\t</div>\n\t\t\t\t\t\t<div class=\"col-xs-7  value\">\n\t\t\t\t\t\t\t{{doc.address_display}}\n\t\t\t\t\t\t</div>\n\t\t\t\t\t</div>\n\t\t\t\t{%- endif -%}\n\t\t\t\t{% if doc.contact_display %}\n\t                <div class=\"row\">\n\t\t\t\t\t\t<div class=\"col-xs-5 text-right\">\n\t\t\t\t\t\t\t<label>Contact</label>\n\t\t\t\t\t\t</div>\n\t\t\t\t\t\t<div class=\"col-xs-7  value\">\n\t\t\t\t\t\t\t{{doc.contact_display}}\n\t\t\t\t\t\t</div>\n\t\t\t\t\t</div>\n\t\t\t\t{%- endif -%}\n\t\t\t\t{% if doc.contact_mobile %}\n\t                <div class=\"row\">\n\t\t\t\t\t\t<div class=\"col-xs-5 text-right\">\n\t\t\t\t\t\t\t<label>Mobile No</label>\n\t\t\t\t\t\t</div>\n\t\t\t\t\t\t<div class=\"col-xs-7  value\">\n\t\t\t\t\t\t\t{{doc.contact_mobile}}\n\t\t\t\t\t\t</div>\n\t\t\t\t\t</div>\n\t\t\t\t{%- endif -%}\n        </div>\n        \n        <div class=\"col-xs-6 column-break\">\n            <div class=\"row\">\n\t\t\t\t<div class=\"col-xs-5 text-right\">\n\t\t\t\t\t<label>Date</label>\n\t\t\t\t</div>\n\t\t\t\t<div class=\"col-xs-7  value\">\n\t\t\t\t\t{{doc.transaction_date}}\n\t\t\t\t</div>\n\t\t\t</div>\n            <div class=\"row\">\n\t\t\t\t<div class=\"col-xs-5 text-right\">\n\t\t\t\t\t<label>Customer Name</label>\n\t\t\t\t</div>\n\t\t\t\t<div class=\"col-xs-7  value\">\n\t\t\t\t\t{{doc.customer_name}}\n\t\t\t\t</div>\n\t\t\t</div>\n\t\t\t{% if doc.shipping_address_display %}\n\t            <div class=\"row\">\n\t\t\t\t\t<div class=\"col-xs-5 text-right\">\n\t\t\t\t\t\t<label>Customer Address</label>\n\t\t\t\t\t</div>\n\t\t\t\t\t<div class=\"col-xs-7  value\">\n\t\t\t\t\t\t{{doc.shipping_address_display}}\n\t\t\t\t\t</div>\n\t\t\t\t</div>\n\t\t\t{%- endif -%}\n\t\t\t{% if doc.customer_contact_display %}\n\t            <div class=\"row\">\n\t\t\t\t\t<div class=\"col-xs-5 text-right\">\n\t\t\t\t\t\t<label>Customer Contact</label>\n\t\t\t\t\t</div>\n\t\t\t\t\t<div class=\"col-xs-7  value\">\n\t\t\t\t\t\t{{doc.customer_contact_display}}\n\t\t\t\t\t</div>\n\t\t\t\t</div>\n\t\t\t{%- endif -%}\n\t\t\t{% if doc.customer_contact_mobile %}\n\t            <div class=\"row\">\n\t\t\t\t\t<div class=\"col-xs-5 text-right\">\n\t\t\t\t\t\t<label>Customer Mobile No</label>\n\t\t\t\t\t</div>\n\t\t\t\t\t<div class=\"col-xs-7  value\">\n\t\t\t\t\t\t{{doc.customer_contact_mobile}}\n\t\t\t\t\t</div>\n\t\t\t\t</div>\n\t\t\t{%- endif -%}\n        </div>\n    </div>\n\t<table class=\"table table-bordered\">\n\t\t<tbody>\n\t\t\t<tr>\n\t\t\t\t<th>Sr</th>\n\t\t\t\t<th>Item Name</th>\n\t\t\t\t<th>Description</th>\n\t\t\t\t<th class=\"text-right\">Qty</th>\n\t\t\t\t<th class=\"text-right\">Rate</th>\n\t\t\t\t<th class=\"text-right\">Amount</th>\n\t\t\t</tr>\n\t\t\t{%- for row in doc.items -%}\n\t\t\t<tr>\n\t\t\t\t<td style=\"width: 3%;\">{{ row.idx }}</td>\n\t\t\t\t<td style=\"width: 20%;\">\n\t\t\t\t\t{{ row.item_name }}\n\t\t\t\t\t{% if row.item_code != row.item_name -%}\n\t\t\t\t\t<br>Item Code: {{ row.item_code}}\n\t\t\t\t\t{%- endif %}\n\t\t\t\t</td>\n\t\t\t\t<td style=\"width: 37%;\">\n\t\t\t\t\t<div style=\"border: 0px;\">{{ row.description }}</div></td>\n\t\t\t\t<td style=\"width: 10%; text-align: right;\">{{ row.qty }} {{ row.uom or row.stock_uom }}</td>\n\t\t\t\t<td style=\"width: 15%; text-align: right;\">{{\n\t\t\t\t\trow.get_formatted(\"rate\", doc) }}</td>\n\t\t\t\t<td style=\"width: 15%; text-align: right;\">{{\n\t\t\t\t\trow.get_formatted(\"amount\", doc) }}</td>\n\t\t\t</tr>\n\t\t\t{%- endfor -%}\n\t\t</tbody>\n\t</table>\n    <div class=\"row section-break\">\n        <div class=\"col-xs-6 column-break\">\n        </div>\n        <div class=\"col-xs-6 column-break\">\n                <div class=\"row\">\n\t\t\t\t\t<div class=\"col-xs-5 text-right\">\n\t\t\t\t\t\t<label>Total</label>\n\t\t\t\t\t</div>\n\t\t\t\t\t<div class=\"col-xs-7 text-right value\">\n\t\t\t\t\t\t{{doc.total}}\n\t\t\t\t\t</div>\n\t\t\t\t</div>\n                <div class=\"row\">\n\t\t\t\t\t<div class=\"col-xs-5 text-right\">\n\t\t\t\t\t\t<label>Grand Total</label>\n\t\t\t\t\t</div>\n\t\t\t\t\t<div class=\"col-xs-7 text-right value\">\n\t\t\t\t\t\t{{doc.grand_total}}\n\t\t\t\t\t</div>\n\t\t\t\t</div>\n                <div class=\"row\">\n\t\t\t\t\t<div class=\"col-xs-5 text-right\">\n\t\t\t\t\t\t<label>In Words</label>\n\t\t\t\t\t</div>\n\t\t\t\t\t<div class=\"col-xs-7 text-right value\">\n\t\t\t\t\t\t{{doc.in_words}}\n\t\t\t\t\t</div>\n\t\t\t\t</div>\n        </div>\n    </div>\n</div>", 
  "line_breaks": 0, 
  "modified": "2016-03-07 20:49:39.443328", 
  "module": "Buying", 
  "name": "Drop Shipping Format", 
  "print_format_builder": 0, 
  "print_format_type": "Server", 
  "show_section_headings": 0, 
  "standard": "Yes"
 }, 
 {
  "align_labels_left": 0, 
  "css": null, 
  "custom_format": 1, 
  "disabled": 0, 
  "doc_type": "Sales Invoice", 
  "docstatus": 0, 
  "doctype": "Print Format", 
  "font": "Default", 
  "format_data": null, 
  "html": "<style>\n\t.print-format table, .print-format tr, \n\t.print-format td, .print-format div, .print-format p {\n\t\tfont-family: Monospace;\n\t\tline-height: 200%;\n\t\tvertical-align: middle;\n\t}\n\t@media screen {\n\t\t.print-format {\n\t\t\twidth: 4in;\n\t\t\tpadding: 0.25in;\n\t\t\tmin-height: 8in;\n\t\t}\n\t}\n</style>\n\n<p class=\"text-center\">\n\t{{ company }}<br>\n\t{{  __(\"POS No : \") }}{{offline_pos_name}}<br>\n</p>\n<p>\n\t<b>{{ __(\"Date\") }}:</b> {{ dateutil.global_date_format(posting_date) }}<br>\n</p>\n\n<hr>\n<table class=\"table table-condensed cart no-border\">\n\t<thead>\n\t\t<tr>\n\t\t\t<th width=\"50%\">{{ __(\"Item\") }}</b></th>\n\t\t\t<th width=\"25%\" class=\"text-right\">{{ __(\"Qty\") }}</th>\n\t\t\t<th width=\"25%\" class=\"text-right\">{{ __(\"Amount\") }}</th>\n\t\t</tr>\n\t</thead>\n\t<tbody>\n\t\t{% for item in items %}\n\t\t<tr>\n\t\t\t<td>\n\t\t\t\t{{ item.item_name }}\n\t\t\t</td>\n\t\t\t<td class=\"text-right\">{{ format_number(item.qty, precision(\"difference\")) }}<br>@ {{ format_currency(item.rate, currency) }}</td>\n\t\t\t<td class=\"text-right\">{{ format_currency(item.amount, currency) }}</td>\n\t\t</tr>\n\t\t{% endfor %}\n\t</tbody>\n</table>\n\n<table class=\"table table-condensed no-border\">\n\t<tbody>\n\t\t<tr>\n\t\t\t<td class=\"text-right\" style=\"width: 70%\">\n\t\t\t\t{{ __(\"Net Total\") }}\n\t\t\t</td>\n\t\t\t<td class=\"text-right\">\n\t\t\t\t{{ format_currency(total, currency) }}\n\t\t\t</td>\n\t\t</tr>\n\t\t{% for row in taxes %}\n\t\t{% if not row.included_in_print_rate %}\n\t\t<tr>\n\t\t\t<td class=\"text-right\" style=\"width: 70%\">\n\t\t\t\t{{ row.description }}\n\t\t\t</td>\n\t\t\t<td class=\"text-right\">\n\t\t\t\t{{ format_currency(row.tax_amount, currency) }}\n\t\t\t</td>\n\t\t</tr>\n\t\t{% endif %}\n\t\t{% endfor %}\n\t\t{% if discount_amount %}\n\t\t<tr>\n\t\t\t<td class=\"text-right\" style=\"width: 75%\">\n\t\t\t\t{{ __(\"Discount\") }}\n\t\t\t</td>\n\t\t\t<td class=\"text-right\">\n\t\t\t\t{{ format_currency(discount_amount, currency) }}\n\t\t\t</td>\n\t\t</tr>\n\t\t{% endif %}\n\t\t<tr>\n\t\t\t<td class=\"text-right\" style=\"width: 75%\">\n\t\t\t\t<b>{{ __(\"Grand Total\") }}</b>\n\t\t\t</td>\n\t\t\t<td class=\"text-right\">\n\t\t\t\t{{ format_currency(grand_total, currency) }}\n\t\t\t</td>\n\t\t</tr>\n\t\t<tr>\n\t\t\t<td class=\"text-right\" style=\"width: 75%\">\n\t\t\t\t<b>{{ __(\"Paid Amount\") }}</b>\n\t\t\t</td>\n\t\t\t<td class=\"text-right\">\n\t\t\t\t{{ format_currency(paid_amount, currency) }}\n\t\t\t</td>\n\t\t</tr>\n\t</tbody>\n</table>\n\n\n<hr>\n<p>{{ terms }}</p>\n<p class=\"text-center\">{{ __(\"Thank you, please visit again.\") }}</p>", 
  "line_breaks": 0, 
  "modified": "2017-01-12 14:56:12.571032", 
  "module": "Accounts", 
  "name": "Point of Sale", 
  "print_format_builder": 0, 
  "print_format_type": "Js", 
  "show_section_headings": 0, 
  "standard": "Yes"
 }, 
 {
  "align_labels_left": 0, 
  "css": null, 
  "custom_format": 0, 
  "disabled": 0, 
  "doc_type": "Salary Slip", 
  "docstatus": 0, 
  "doctype": "Print Format", 
  "font": "Default", 
  "format_data": "[{\"fieldname\": \"print_heading_template\", \"fieldtype\": \"HTML\", \"options\": \"   <h3 style=\\\"text-align: right;\\\"><span style=\\\"line-height: 1.42857;\\\">{{doc.name}}</span></h3>\\n<div>\\n    <hr style=\\\"text-align: center;\\\">\\n</div>   \"}, {\"fieldtype\": \"Section Break\"}, {\"fieldtype\": \"Column Break\"}, {\"print_hide\": 0, \"fieldname\": \"employee\"}, {\"print_hide\": 0, \"fieldname\": \"company\"}, {\"print_hide\": 0, \"fieldname\": \"employee_name\"}, {\"print_hide\": 0, \"fieldname\": \"department\"}, {\"print_hide\": 0, \"fieldname\": \"designation\"}, {\"print_hide\": 0, \"fieldname\": \"branch\"}, {\"fieldtype\": \"Column Break\"}, {\"print_hide\": 0, \"fieldname\": \"start_date\"}, {\"print_hide\": 0, \"fieldname\": \"end_date\"}, {\"print_hide\": 0, \"fieldname\": \"total_days_in_month\"}, {\"print_hide\": 0, \"fieldname\": \"leave_without_pay\"}, {\"print_hide\": 0, \"fieldname\": \"payment_days\"}, {\"fieldtype\": \"Section Break\"}, {\"fieldtype\": \"Column Break\"}, {\"visible_columns\": [{\"print_hide\": 0, \"fieldname\": \"salary_component\", \"print_width\": \"\"}, {\"print_hide\": 0, \"fieldname\": \"amount\", \"print_width\": \"\"}, {\"print_hide\": 0, \"fieldname\": \"depends_on_lwp\", \"print_width\": \"\"}], \"print_hide\": 0, \"fieldname\": \"earnings\"}, {\"fieldtype\": \"Column Break\"}, {\"visible_columns\": [{\"print_hide\": 0, \"fieldname\": \"salary_component\", \"print_width\": \"\"}, {\"print_hide\": 0, \"fieldname\": \"amount\", \"print_width\": \"\"}, {\"print_hide\": 0, \"fieldname\": \"depends_on_lwp\", \"print_width\": \"\"}], \"print_hide\": 0, \"fieldname\": \"deductions\"}, {\"fieldtype\": \"Section Break\"}, {\"fieldtype\": \"Column Break\"}, {\"fieldtype\": \"Column Break\"}, {\"print_hide\": 0, \"fieldname\": \"arrear_amount\"}, {\"print_hide\": 0, \"fieldname\": \"leave_encashment_amount\"}, {\"print_hide\": 0, \"fieldname\": \"gross_pay\"}, {\"print_hide\": 0, \"fieldname\": \"total_deduction\"}, {\"print_hide\": 0, \"fieldname\": \"net_pay\"}, {\"print_hide\": 0, \"fieldname\": \"rounded_total\"}, {\"print_hide\": 0, \"fieldname\": \"total_in_words\"}]", 
  "html": null, 
  "line_breaks": 0, 
  "modified": "2016-08-22 00:21:42.600548", 
  "module": "HR", 
  "name": "Salary Slip Standard", 
  "print_format_builder": 1, 
  "print_format_type": "Server", 
  "show_section_headings": 0, 
  "standard": "Yes"
 }, 
 {
  "align_labels_left": 0, 
  "css": null, 
  "custom_format": 0, 
  "disabled": 0, 
  "doc_type": "Salary Slip", 
  "docstatus": 0, 
  "doctype": "Print Format", 
  "font": "Default", 
  "format_data": "[{\"fieldname\": \"print_heading_template\", \"fieldtype\": \"HTML\", \"options\": \"  <h3 style=\\\"text-align: right;\\\">{{doc.name}}</h3><div><hr></div>  \"}, {\"fieldtype\": \"Section Break\"}, {\"fieldtype\": \"Column Break\"}, {\"print_hide\": 0, \"fieldname\": \"employee\"}, {\"print_hide\": 0, \"fieldname\": \"employee_name\"}, {\"print_hide\": 0, \"fieldname\": \"department\"}, {\"print_hide\": 0, \"fieldname\": \"designation\"}, {\"print_hide\": 0, \"fieldname\": \"branch\"}, {\"fieldtype\": \"Column Break\"}, {\"print_hide\": 0, \"fieldname\": \"start_date\"}, {\"print_hide\": 0, \"fieldname\": \"end_date\"}, {\"print_hide\": 0, \"fieldname\": \"total_working_hours\"}, {\"print_hide\": 0, \"fieldname\": \"hour_rate\"}, {\"fieldtype\": \"Section Break\"}, {\"fieldtype\": \"Column Break\"}, {\"visible_columns\": [{\"print_hide\": 0, \"fieldname\": \"time_sheet\", \"print_width\": \"\"}, {\"print_hide\": 0, \"fieldname\": \"working_hours\", \"print_width\": \"\"}], \"print_hide\": 0, \"fieldname\": \"timesheets\"}, {\"fieldtype\": \"Column Break\"}, {\"fieldtype\": \"Section Break\"}, {\"fieldtype\": \"Column Break\"}, {\"visible_columns\": [{\"print_hide\": 0, \"fieldname\": \"salary_component\", \"print_width\": \"\"}, {\"print_hide\": 0, \"fieldname\": \"amount\", \"print_width\": \"\"}, {\"print_hide\": 0, \"fieldname\": \"depends_on_lwp\", \"print_width\": \"\"}], \"print_hide\": 0, \"fieldname\": \"earnings\"}, {\"fieldtype\": \"Column Break\"}, {\"visible_columns\": [{\"print_hide\": 0, \"fieldname\": \"salary_component\", \"print_width\": \"\"}, {\"print_hide\": 0, \"fieldname\": \"amount\", \"print_width\": \"\"}, {\"print_hide\": 0, \"fieldname\": \"depends_on_lwp\", \"print_width\": \"\"}], \"print_hide\": 0, \"fieldname\": \"deductions\"}, {\"fieldtype\": \"Section Break\"}, {\"fieldtype\": \"Column Break\"}, {\"fieldtype\": \"Column Break\"}, {\"print_hide\": 0, \"fieldname\": \"gross_pay\"}, {\"print_hide\": 0, \"fieldname\": \"total_deduction\"}, {\"print_hide\": 0, \"fieldname\": \"net_pay\"}, {\"print_hide\": 0, \"fieldname\": \"rounded_total\"}, {\"print_hide\": 0, \"fieldname\": \"total_in_words\"}]", 
  "html": null, 
  "line_breaks": 0, 
  "modified": "2016-08-21 21:02:59.896033", 
  "module": "HR", 
  "name": "Salary Slip based on Timesheet", 
  "print_format_builder": 1, 
  "print_format_type": "Server", 
  "show_section_headings": 0, 
  "standard": "Yes"
 }, 
 {
  "align_labels_left": 0, 
  "css": null, 
  "custom_format": 0, 
  "disabled": 0, 
  "doc_type": "Loan", 
  "docstatus": 0, 
  "doctype": "Print Format", 
  "font": "Default", 
  "format_data": "[{\"fieldname\": \"print_heading_template\", \"fieldtype\": \"Custom HTML\", \"options\": \"<div class=\\\"print-heading\\\">\\t\\t\\t\\t<h2>Prestamo<br><small>{{ doc.name }}</small>\\t\\t\\t\\t</h2></div>\"}, {\"fieldtype\": \"Section Break\", \"label\": \"\"}, {\"fieldtype\": \"Column Break\"}, {\"print_hide\": 0, \"fieldname\": \"status\", \"label\": \"Status\"}, {\"print_hide\": 0, \"fieldname\": \"customer_name\", \"align\": \"left\", \"label\": \"Customer\"}, {\"fieldtype\": \"Column Break\"}, {\"print_hide\": 0, \"fieldname\": \"posting_date\", \"label\": \"Posting Date\"}, {\"print_hide\": 0, \"fieldname\": \"disbursement_date\", \"label\": \"Disbursement Date\"}, {\"fieldtype\": \"Section Break\", \"label\": \"Loan\"}, {\"fieldtype\": \"Column Break\"}, {\"print_hide\": 0, \"fieldname\": \"loan_type\", \"label\": \"Loan Type\"}, {\"print_hide\": 0, \"fieldname\": \"interest_type\", \"label\": \"Interest Type\"}, {\"print_hide\": 0, \"fieldname\": \"rate_of_interest\", \"align\": \"left\", \"label\": \"Rate of Interest (%)\"}, {\"print_hide\": 0, \"fieldname\": \"total_interest_payable\", \"align\": \"left\", \"label\": \"Total Interest Payable\"}, {\"fieldtype\": \"Column Break\"}, {\"print_hide\": 0, \"fieldname\": \"loan_amount\", \"align\": \"left\", \"label\": \"Loan Amount\"}, {\"print_hide\": 0, \"fieldname\": \"repayment_periods\", \"align\": \"left\", \"label\": \"Repayment Period in Months\"}, {\"print_hide\": 0, \"fieldname\": \"monthly_repayment_amount\", \"align\": \"left\", \"label\": \"Monthly Repayment Amount\"}, {\"print_hide\": 0, \"fieldname\": \"total_payment\", \"align\": \"left\", \"label\": \"Total Payment\"}, {\"fieldtype\": \"Section Break\", \"label\": \"Repayment\"}, {\"fieldtype\": \"Column Break\"}, {\"visible_columns\": [{\"print_hide\": 0, \"fieldname\": \"fecha\", \"print_width\": \"\"}, {\"print_hide\": 0, \"fieldname\": \"cuota\", \"print_width\": \"\"}, {\"print_hide\": 0, \"fieldname\": \"balance_capital\", \"print_width\": \"\"}, {\"print_hide\": 0, \"fieldname\": \"balance_interes\", \"print_width\": \"\"}, {\"print_hide\": 0, \"fieldname\": \"capital_acumulado\", \"print_width\": \"\"}, {\"print_hide\": 0, \"fieldname\": \"interes_acumulado\", \"print_width\": \"\"}, {\"print_hide\": 0, \"fieldname\": \"pagos_acumulados\", \"print_width\": \"\"}], \"print_hide\": 0, \"fieldname\": \"repayment_schedule\", \"label\": \"Repayment Schedule\"}]", 
  "html": null, 
  "line_breaks": 0, 
  "modified": "2017-05-21 22:40:26.336665", 
  "module": "Finance Manager", 
  "name": "Loan", 
  "print_format_builder": 1, 
  "print_format_type": "Server", 
  "show_section_headings": 0, 
  "standard": "Yes"
 }, 
 {
  "align_labels_left": 0, 
  "css": null, 
  "custom_format": 1, 
  "disabled": 0, 
  "doc_type": "Loan", 
  "docstatus": 0, 
  "doctype": "Print Format", 
  "font": "Default", 
  "format_data": null, 
  "html": "\n<h2 class=\"text-center\">HC AUTOS, SRL</h2> \n\n<h4>REGLAMENTO A CUMPLIR PARA ADQUIRIR UN FINANCIAMIENTO</h4>\n<p class=\"text-left\">\n\t&nbsp; &nbsp; &nbsp; &nbsp; &nbsp; &nbsp; DESPU\u00c9S DE LA FECHA DE VENCIMIENTO DE CADA PAGAR\u00c9 FIRMADO, DISPONE USTED DE CINCO (05) D\u00cdAS PARA NO PAGAR RECARGO. \n\tEL RECARGO ES DE UN&nbsp;\n        {%- if doc.loan_type is equalto \"Vehicle\" -%}\n        \t{{ frappe.db.get_value(doctype=\"FM Configuration\", fieldname=\"vehicle_fine\") }} \n        {% else %}\n                {{ frappe.db.get_value(doctype=\"FM Configuration\", fieldname=\"vivienda_fine\") }} \n        {%- endif -%}\n\t\n% MENSUAL DEL VALOR DEL PAGAR\u00c9 VENCIDO. \n<br>\n\tDESPU\u00c9S DE VENCIDO DOS (2) PAGAR\u00c9S CONSECUTIVOS, SE ENVIAR\u00c1 AL DEPARTAMENTO DE RECUPERACION DE CREDITO. \n\tLOS GASTOS CORREN POR CUENTA DEL CLIENTE.\n</p>\n<div class=\"col-md-12\"><br><br>\n\t<div class=\"col-md-6\">\n\t\t<p class=\"text-center\">ACEPTO CONFORME<br><br>\n\t\t__________________________</p>\t\t\t\t\t\t\n\t</div>\n\t<div class=\"col-md-6\">\n\t\t<p class=\"text-center\">\n\t\tFECHA <br><br>\n\t\t_____________________________</p>\n\t</div>\n</div>\n\t\t\t\t", 
  "line_breaks": 0, 
  "modified": "2017-05-21 21:42:28.575685", 
  "module": "Finance Manager", 
  "name": "REGLAMENTO", 
  "print_format_builder": 0, 
  "print_format_type": "Server", 
  "show_section_headings": 0, 
  "standard": "Yes"
 }, 
 {
  "align_labels_left": 0, 
  "css": null, 
  "custom_format": 1, 
  "disabled": 0, 
  "doc_type": "Loan", 
  "docstatus": 0, 
  "doctype": "Print Format", 
  "font": "Default", 
  "format_data": null, 
  "html": "<h2 class=\"text-center\">ACTO DE VENTA BAJO FIRMA PRIVADA</h2><br>\n<p class=\"text-justify\">\n    ENTRE los se\u00f1ores, de una parte:___________________________________,dominicano, mayor de edad,_______________, de profesi\u00f3n ______________________ domiciliado y residente de la casa No.___________ de la calle ______________________ en ______________________________, portador de la C\u00e9dula de Identidad Personal No.___________________, Serie _________, con sello h\u00e1bil, quien en lo que sigue del presente acto se denominar\u00e1 EL VENDEDOR; y la otra parte ___________________________\n    Dominicano mayor de edad, __________________, de profesi\u00f3n ____________________________ domiciliado y residente en la casa No.__________ de la calle _______________ en _____________________, portador de la C\u00e9dula de Identificaci\u00f3n Personal No.______________________, serie _____, con sello h\u00e1bil, quien en lo que sigue del presente acto se denominar\u00e1 EL COMPRADOR; se ha convenido y pactado lo siguiente: <br>\n    PRIMERO EL VENDEDOR, por medio del presente acto, vende, cede y transfiere con todas las garant\u00edas de hecho y de derecho, desde ahora y para siempre , al COMPRADOR, quien acepta, el siguiente veh\u00edculo: <br><br>\n    TIPO DE VEH\u00cdCULO _______________________/ MARCA ____________________________<br>\n    MODELO________________________/ COLOR_____________ /PLACA_________________<br>\n    CHASSIS No.______________________/ REGISTRO ________________________________<br>\n    PROPIEDAD DE:  _____________________________________________________________<br>\n    <br><br>\n    SEGUNDO: EL(LA) VENDEDOR (A) , con la suscripci\u00f3n del presente documento, declara bajo juramento, haber recibido conforme de manos de EL (LA) COMPRADOR (A)  la suma de RD$ ____________________ (           ), el cual presenta el pago total del precio de la compraventa del veh\u00edculo de motor antes descrito y al cual se refiere el presente acto, por cuya raz\u00f3n le otorga formal recibo de descargo y finiquito legal por dicha suma a la vez que le otorga AUTORIZACI\u00d3N a la Direcci\u00f3n General de Rentas Internas para que transfiera a favor de EL(LA) COMPRADOR (A)  a la propiedad del ya citado veh\u00edculo de motor antes descrito.  <br>\n    TERCERO: EL (LA) COMPRADOR (A), a partir de la firma del presente acto entrar\u00e1 en pleno goce y disfrute del veh\u00edculo descrito quedando el mismo bajo su custodia y responsabilidad, por el cual es EL (LA) COMPRADOR (A) el \u00fanico responsable y as\u00ed lo acepta de cualquier da\u00f1o que pueda ocasionarle a un tercero sean estas personas o cosas y cualquier acto de vandalismo que ocurra en el veh\u00edculo descrito en el presente documento. <br>\n    HECHO Y FIRMADO DE BUENA FE, en la ciudad de Santo Domingo, Distrito Nacional, Capital de la Rep\u00fablica Dominicana, a los ___________________________(        ) d\u00edas del mes de _______________ , del a\u00f1o ___________________\n</p>\n<br><br><br>\n<div class=\"col-md-12\">\n    <div class=\"col-xs-6 col-md-6 column-break\">\n        <p class=\"text-center\">\n            ________________________________</span> <br>\n            <span class=\"text-center\">\n                COMPRADOR(A)\n        </p>\n    </div>\n    <div class=\"col-xs-6 col-md-6 column-break\">\n    <p class=\"text-center\">________________________________</span> <br>\n    <span class=\"text-center\">VENDEDOR(A)</p>\n    </div>\n</div>\n<br> <br> <br> <br> <br> <br> <br> <br> <br> <br> <br> <br> <br>\n<p class=\"text-justify\">\n    Yo ________________________________________________________, abogado-Notario Publico de los del numero de _______________________, portador de la Cedula de Identidad Personal No._____________________ serie _____________________ con sello h\u00e1bil, con estudio profesional abierto en la casa       No. __________________\n    De la calle ________________________________________ de esta ciudad, CERTIFICO Y DOY FE, que las firmas que anteceden fueran puestas en mi presencia libre y voluntariamente por los se\u00f1ores _______________________________________________________________\n    Y __________________________________________, de generales que constan, quienes me ha declarado bajo fe de juramento ser estas las mismas que acostumbran utilizar en todos sus actos tanto p\u00fablicos como privados, por lo que se les puede dar entra fe y credito.\n    <br>\n    En __________________________________________________________, Republica Dominicana, a los __________________________        (____________) dias del mes de \n    __________________________del a\u00f1o.\n</p>\n<br><br><br><br>\n<p class=\"text-center\">  ___________________________________ <br>\n    ABOGADO NOTARIO PUBLICO \n</p>", 
  "line_breaks": 0, 
  "modified": "2017-05-21 22:25:10.117757", 
  "module": "Finance Manager", 
  "name": "Acto de Venta", 
  "print_format_builder": 0, 
  "print_format_type": "Server", 
  "show_section_headings": 0, 
  "standard": "Yes"
 }, 
 {
  "align_labels_left": 0, 
  "css": null, 
  "custom_format": 0, 
  "disabled": 0, 
  "doc_type": "Loan", 
  "docstatus": 0, 
  "doctype": "Print Format", 
  "font": "Default", 
  "format_data": "[{\"fieldname\": \"print_heading_template\", \"fieldtype\": \"Custom HTML\", \"options\": \"<div class=\\\"print-heading\\\">\\t\\t\\t\\t<h2>Loan<br><small>{{ doc.name }}</small>\\t\\t\\t\\t</h2></div>\"}, {\"fieldtype\": \"Section Break\", \"label\": \"\"}, {\"fieldtype\": \"Column Break\"}, {\"print_hide\": 0, \"fieldname\": \"customer_name\", \"label\": \"Customer Name\"}, {\"fieldtype\": \"Column Break\"}, {\"print_hide\": 0, \"fieldname\": \"status\", \"label\": \"Status\"}, {\"print_hide\": 0, \"fieldname\": \"posting_date\", \"label\": \"Posting Date\"}, {\"print_hide\": 0, \"fieldname\": \"loan_type\", \"label\": \"Loan Type\"}, {\"fieldtype\": \"Section Break\", \"label\": \"Loan\"}, {\"fieldtype\": \"Column Break\"}, {\"print_hide\": 0, \"fieldname\": \"loan_amount\", \"label\": \"Loan Amount\"}, {\"print_hide\": 0, \"fieldname\": \"rate_of_interest\", \"label\": \"Rate of Interest (%)\"}, {\"print_hide\": 0, \"fieldname\": \"disbursement_date\", \"label\": \"Disbursement Date\"}, {\"fieldtype\": \"Column Break\"}, {\"print_hide\": 0, \"fieldname\": \"status\", \"label\": \"Status\"}, {\"print_hide\": 0, \"fieldname\": \"repayment_periods\", \"label\": \"Repayment Period in Months\"}, {\"print_hide\": 0, \"fieldname\": \"monthly_repayment_amount\", \"label\": \"Monthly Repayment Amount\"}, {\"fieldtype\": \"Section Break\", \"label\": \"Totals\"}, {\"fieldtype\": \"Column Break\"}, {\"print_hide\": 0, \"fieldname\": \"total_interest_payable\", \"label\": \"Total Interest Payable\"}, {\"fieldtype\": \"Column Break\"}, {\"print_hide\": 0, \"fieldname\": \"total_payment\", \"label\": \"Total Payment\"}]", 
  "html": null, 
  "line_breaks": 0, 
  "modified": "2017-05-21 22:30:56.909381", 
  "module": "Finance Manager", 
  "name": "Customer Format", 
  "print_format_builder": 1, 
  "print_format_type": "Server", 
  "show_section_headings": 0, 
  "standard": "Yes"
 }, 
 {
  "align_labels_left": 0, 
  "css": null, 
  "custom_format": 1, 
  "disabled": 0, 
  "doc_type": "Loan", 
  "docstatus": 0, 
  "doctype": "Print Format", 
  "font": "Default", 
  "format_data": null, 
  "html": "\n<p class=\"text-center\">Pagare Notarial</p>\n</br>\n\n<div>\n    <p class=\"text-justify\">\n-- ACTO NUMERO: ______________________ ( &nbsp; &nbsp; &nbsp; &nbsp; &nbsp; &nbsp; &nbsp; &nbsp; ). - En la ciudad de Santo Domingo, Distrito Nacional, capital de la Rep\u00fablica Dominicana, hoy dia {{ doc.posting_date_str }}, ante mi, DR FEDERICO N. CASTILLO MORETA, Abogado \u2013 Notario P\u00fablico de los del N\u00famero del Distrito Nacional, Mayor de edad, Soltero, portador de la cedula de identidad y electoral No. 001-0244313-2, miembro Activo del Colegio de Notarios Inc., Matricula No.876 De los del Numero del Distrito Nacional, con domicilio profesional abierto en la Calle Las Palmas de Alma Rosa #2, Alma Rosa Ira., en presencia de los Se\u00f1ores Mar\u00eda Marte de Le\u00f3n y Altagracia De jesus Jimenez L., dominicanos (as), mayor de edad , Soltera y Soltera, con cedula No. 001-1520591-6 y 001-0431527-0, domiciliados (as) y residentes en la calle 3era Esq. 2da Res. Joan I, Apart. 201-C, Alma Rosa Ira. y en la calle Ira #31, Villa Lila Km. 11 \u00bd Aut. Duarte, en esta Ciudad, ambos testigos instrumentales de Ley, quienes me han declarado bajo la del juramento estar libres de las tachas y excepciones que establece la Ley, han comparecido voluntariamente el (a) se\u00f1or (a) {{doc.customer.upper()}}, dominicano (a),  mayor de edad, portador (a) de la cedula de identidad y electoral No. {{ doc.customer_cedula }} domiciliado y residente en la {{ frappe.db.get_value(\"Address\", doc.customer, \"address_line1\") or \"\" }}, , de esta Ciudad, quien me ha declarado bajo  la fe del juramento lo siguiente: PRIMERO que por medio del presente documento, se reconoce deudor de la raz\u00f3n social HC AUTOS, SRL., sociedad comercial constituida de acuerdo con las leyes dominicana, RNC No. 1-01-89549-7 con su domicilio social Av. 27 de Febrero Esq. Abreu Abreu de esta ciudad, debidamente representada por su presidente ING HUMBERTO A. CASTILLO, dominicano  mayor de edad, S, portador de la cedula de Identidad y electoral No 001-0045471-9, domiciliado y residente en esta ciudad, por la suma de RD{{ doc.get_formatted(\"loan_amount\") }} ({{ frappe.utils.money_in_words(doc.loan_amount).upper().replace(\"DOP\",\"\").replace(\"ONLY\",\"\") }})en virtud de operaciones comerciales, realizadas entre partes.\n</p>\n<p class = \"text-justify\">\nSEGUNDO: que el (a) se\u00f1or (a) {{doc.customer}}, se compromete a pagar la totalidad de la suma adeudada en un plazo de {{frappe.utils.money_in_words(doc.repayment_periods)}}({{doc.repayment_periods}}) meses a partir de la firma de este documento, en cuotas desglosadas de la siguiente manera: \n</p>\n\n<div>\n<p class=\"text-justify\">\n{%- for row in doc.repayment_schedule -%}\n{{ (frappe.utils.money_in_words(row.cuota, \" \", \"\") or \"\").upper() }} CON 00/100\n(RD ${{ row.get_formatted(\"cuota\") }}), el dia \n{{(row.fecha).split(\"-\")[2]}} del mes de {{ row.fecha_mes or \"\" }}\ndel a\u00f1o {{(row.fecha).split(\"-\")[0]}}  ;&nbsp;\n{%- endfor -%}\n</p>\n</div>\n\n\n\n</br></br></br>\n<div class=\"col-xs-12 column-break\">\n\t\t<div class=\"col-xs-6 column-break\">\n\t\t\t<div class = \"text-center\">\n\t\t\t\t___________________________________\n\t\t\t\t\n\t\t\t</div>\n\t\t\t<div class = \"text-center\">\n\t\t\t\t{{doc.customer.upper()}}\n\t\t\t\t\n\t\t\t</div>\n\t\t\t<div class = \"text-center\">\n\t\t\t\tDeudor compareciente\n\t\t\t\t\n\t\t\t</div>\n</br></br></br>\n\t\t\t<div class = \"text-center\">\n\t\t\t\t___________________________________\n\t\t\t\t\n\t\t\t</div>\n\t\t\t<div class = \"text-center\">\n\t\t\t\t MARIA MARTE DE LE\u00d3N   \n\t\t\t\t\n\t\t\t</div>\n\t\t\t<div class = \"text-center\">\n\t\t\t\tTestigo\n\t\t\t\t\n\t\t\t</div>\n\t\t\t\n\t\t</div>\n\t\t\n\t\t<div class=\"col-xs-6 column-break\">\n\t\t\t<div class = \"text-center\">\n\t\t\t\t___________________________________\n\t\t\t\t\n\t\t\t</div>\n\t\t\t<div class = \"text-center\">\n\t\t\t\tING. HUMBERTO A. CASTILLO \n\t\t\t\t\n\t\t\t</div>\n\t\t\t<div class = \"text-center\">\n\t\t\t\tAcreedor\n\t\t\t\t\n\t\t\t</div>\n</br></br></br>\n\t\t\t<div class = \"text-center\">\n\t\t\t\t___________________________________\n\t\t\t\t\n\t\t\t</div>\n\t\t\t<div class = \"text-center\">\n\t\t\t\t   ALTAGRACIA DE JESUS JIMENEZ\n\t\t\t\t\n\t\t\t</div>\n\t\t\t<div class = \"text-center\">\n\t\t\t\tTestigo\n\t\t\t\t\n\t\t\t</div>\n\t\t\t\n\t\t</div>\n\t\n\t</div>\n<div class=\"col-xs-12 column-break\">\n</br></br></br>\n<div class=\"text-center\">____________________________________</div>\n<div class=\"text-center\">DR. FEDERICO N. CASTILLO MORETA</div>\n<div class=\"text-center\">Abogado \u2013 Notario P\u00fablico </div>\n</div>", 
  "line_breaks": 0, 
  "modified": "2017-07-04 15:13:53.526721", 
  "module": "Finance Manager", 
  "name": "Pagare Notarial", 
  "print_format_builder": 0, 
  "print_format_type": "Server", 
  "show_section_headings": 0, 
  "standard": "No"
 }, 
 {
  "align_labels_left": 0, 
  "css": null, 
  "custom_format": 1, 
  "disabled": 0, 
  "doc_type": "Loan", 
  "docstatus": 0, 
  "doctype": "Print Format", 
  "font": "Default", 
  "format_data": null, 
  "html": "\n<p class=\"text-center\">DR. FEDERICO N. CASTILLO MORETA</p>\n<p class=\"text-center\">Notario Publico</p>\n</br>\n<!--\n<div class=\"row\">\n    <div class=\"col-md-3 text-right\">Nombre del Cliente</div>\n    <div class=\"col-md-9\">{{ doc.customer_name }}</div>\n</div>\n\n<div class=\"row\">\n    <div class=\"col-md-3 text-right\">Fecha</div>\n    <div class=\"col-md-9\">{{ doc.get_formatted(\"posting_date\") }}</div>\n   \n</div>\n-->\n<div>\n    <p class=\"text-justify\">\n-- ACTO NUMERO: ______________________ ( &nbsp; &nbsp; &nbsp; &nbsp; &nbsp; &nbsp; &nbsp; &nbsp; ). - En la ciudad de Santo Domingo, Distrito Nacional, capital de la Rep\u00fablica Dominicana, hoy dia {{ doc.posting_date_str }}, ante mi, DR. FEDERICO N. CASTILLO MORETA, Abogado- Notario P\u00fablico de los N\u00famero del Distrito Nacional, Mayor de edad, soltero, portador de la c\u00e9dula de identidad y electoral No.001-0244313-2, miembro Activo del Colegio de Notarios Inc., Matr\u00edcula No.876 De los del N\u00famero del Distrito Nacional, con domicilio profesional abierto en la Calle Las Palmas de Alma Rosa #2, Alma Rosa Ira., en presencia de los se\u00f1ores Mar\u00eda Marte de Leon, dominicana, mayor de edad, Soltera, portador(a) de la c\u00e9dula de identidad y electoral No.001-1520591-6 , domiciliado y residente en la Calle 3ra Esq. 2da Res. Joan I, Apart. 201-C, Alma Rosa Ira., y el(la) se\u00f1or(a) Altagracia De Jesus Jimenez L., portador(a) de la c\u00e9dula de identidad y electoral No.001-0431527-0, dominicano(a), mayor de edad, Soltera, domiciliado(a) y residente en la Calle Ira #31, Villa Lila KM. 11 \u00bd Aut. Duarte, ambos testigos instrumentalmente de ley, declarado bajo la fe del juramento estar libres de las tachas y las excepciones que establece la ley, ha comparecido voluntariamente el (a) Sr(a) {{ doc.customer.upper() }}, dominicano(a), mayor de edad, portador de la c\u00e9dula de identidad y electoral NO.{{ doc.customer_cedula }}, domiciliado y residente en la {{ frappe.db.get_value(\"Address\", doc.customer, \"address_line1\") or \"\" }} {{ frappe.db.get_value(\"Address\", doc.customer, \"city\") or \"\" }},{{ frappe.db.get_value(\"Address\", doc.customer, \"country\") or \"\"}} de esta ciudad; y me ha declarado dicha compareciente, bajo la fe del juramento y en presencia de los mencionados testigos, lo siguiente: \nPRIMERO: que por medio del presente acto se declara y reconoce deudor(A) de la raz\u00f3n social HC AUTOS, SRL, RNC NO. 1-01-89549-7, entidad comercial organizada de acuerdo con las leyes dominicanas, con su domicilio en el Av. 27 de Febrero Esq. abreu San Carlos, de esta ciudad, debidamente representada por su Presidente-Tesorero, el ING. HUMBERTO A. CASTILLO, dominicano, mayor de edad, S, portador de la c\u00e9dula de identidad y electoral NO.001-0045471-9, de este domicilio y residencia; de la suma de RD \n{{ doc.get_formatted(\"loan_amount\") }} ({{ frappe.utils.money_in_words(doc.loan_amount).upper() }}),  por concepto de pr\u00e9stamo concedido en esta misma fecha; \nSEGUNDO: que se compromete y obliga a pagarla indicada suma de dinero en un plazo de {{ frappe.utils.money_in_words(doc.repayment_periods).upper().replace(\"DOP\",\"\").replace(\"ONLY\",\"\") }} ({{doc.repayment_periods\n}} ) meses, a partir de la fecha de hoy, el cual vencer\u00e1 el {{ (doc.end_date_str or \"\").upper() }}, fecha que se ha fijado como t\u00e9rmino del presente pagar\u00e9 notarial: \n\nTERCERO: Que en caso de que incumpla el pago de la suma de dinero adeudada en el plazo convenido, autoriza a la acreedora a proceder al cobro de la misma mediante la ejecuci\u00f3n de esta pagar\u00e9 notarial, sin intervenci\u00f3n judicial de ninguna \u00edndole, de conformidad con las disposiciones del art\u00edculo 545 del C\u00f3digo de Procedimiento Civil. \n\nCUARTO:  Autorizo a la Compa\u00f1\u00eda HC AUTOS, SRL, chequearme mediante el Buro de Credito, sin inconveniente alguno. \n\nQUINTO: Que para seguridad, conservaci\u00f3n y pago de la suma de dinero adeudada y sus accesorios, da en garant\u00eda a favor de la acreedora todos los sus bienes de cualquier naturaleza, presentes y futuro, espec\u00edficamente los que se describe a continuaci\u00f3n:\n</p>\n<p>\nAUTOM\u00d3VIL PRIVADO, MARCA {{frappe.db.get_value(\"Vehicle\",doc.asset,\"make\").upper()}}, A\u00d1O  {{frappe.db.get_value(\"Vehicle\",doc.asset,\"year\")}}, MODELO {{frappe.db.get_value(\"Vehicle\",doc.asset,\"model\").upper()}}, COLOR &nbsp;{{frappe.db.get_value(\"Vehicle\",doc.asset,\"color\").upper()}}, REGISTRO {{frappe.db.get_value(\"Vehicle\",doc.asset,\"license_plate\").upper()}}, CHASIS {{frappe.db.get_value(\"Vehicle\",doc.asset,\"chassis_no\").upper()}}, AMPARADO POR EL CERTIFICADO DE PROPIEDAD NO. ######, DE FECHA #####., EXPEDIDO POR LA DIRECCI\u00d3N GENERAL DE IMPUESTOS INTERNOS EN FECHA ######.\n    </p>\n<p>\n--HECHO Y PASADO en mi estudio ha sido el presente acto en la misma fecha se\u00f1alada en su encabezamiento, el cual he le\u00eddo \u00edntegramente y en voz alta al compareciente y a los testigos, quienes lo firman en se\u00f1al de aprobaci\u00f3n, por ante m\u00ed y junto conmigo, Notario P\u00fablico infrascrita que certifica y da Fe.\n</p>\n</br></br></br>\n<div class=\"col-xs-12 column-break\">\n\t\t<div class=\"col-xs-6 column-break\">\n\t\t\t<div class = \"text-center\">\n\t\t\t\t___________________________________\n\t\t\t\t\n\t\t\t</div>\n\t\t\t<div class = \"text-center\">\n\t\t\t\t{{doc.customer.upper()}}\n\t\t\t\t\n\t\t\t</div></br></br></br>\n\t\t\t<div class = \"text-center\">\n\t\t\t\t___________________________________\n\t\t\t\t\n\t\t\t</div>\n\t\t\t<div class = \"text-center\">\n\t\t\t\t MARIA MARTE DE LE\u00d3N   \n\t\t\t\t\n\t\t\t</div>\n\t\t\t\n\t\t</div>\n\t\t\n\t\t<div class=\"col-xs-6 column-break\">\n\t\t\t<div class = \"text-center\">\n\t\t\t\t___________________________________\n\t\t\t\t\n\t\t\t</div>\n\t\t\t<div class = \"text-center\">\n\t\t\t\tING. HUMBERTO A. CASTILLO \n\t\t\t\t\n\t\t\t</div>\n</br></br></br>\n\t\t\t<div class = \"text-center\">\n\t\t\t\t___________________________________\n\t\t\t\t\n\t\t\t</div>\n\t\t\t<div class = \"text-center\">\n\t\t\t\t   ALTAGRACIA DE JESUS JIMENEZ\n\t\t\t\t\n\t\t\t</div>\n\t\t\t\n\t\t</div>\n\t\n\t</div>\n<div class=\"col-xs-12 column-break\">\n</br></br></br>\n<div class=\"text-center\">____________________________________</div>\n<div class=\"text-center\">DR.FEDERICO N. CASTILLO MORETA</div>\n<div class=\"text-center\">Abogado \u2013 Notario P\u00fablico </div>\n</div>", 
  "line_breaks": 0, 
  "modified": "2017-07-04 15:14:35.297105", 
  "module": "Finance Manager", 
  "name": "Acto Notarial", 
  "print_format_builder": 0, 
  "print_format_type": "Server", 
  "show_section_headings": 0, 
  "standard": "No"
 }, 
 {
  "align_labels_left": 0, 
  "css": null, 
  "custom_format": 1, 
  "disabled": 0, 
  "doc_type": "Loan", 
  "docstatus": 0, 
  "doctype": "Print Format", 
  "font": "Default", 
  "format_data": null, 
  "html": "<p class=\"text-center\">ACTO DE PROMESA DE ENTREGA VOLUNTARIA DE VEHICULO </p>\n</br>\n <p class=\"text-justify\">\n-- ACTO NUMERO: ______________________ ( &nbsp; &nbsp; &nbsp; &nbsp; &nbsp; &nbsp; &nbsp; &nbsp; ). Quien suscribe, el (a) Sr (a). {{doc.customer.upper()}}, dominicano (a), mayor de edad, portadora de a cedula de identidad y electoral No. {{doc.customer_cedula}} domiciliado y residente en la {{ frappe.db.get_value(\"Address\", doc.customer, \"address_line1\") or \"-\" }}, de esta Ciudad, por el presente acto bajo firma DECLARA lo siguiente:\n</p>\n</br>\n<p class=\"text-justify\">\nPRIMERA: Que hace formal entrega voluntaria, a la raz\u00f3n social social  \u201c HC AUTOS, SRL. \u201d ,  RNC No.  1-01-89549-7, del veh\u00edculo de su propiedad que se describe a continuaci\u00f3n:\n</p>\n</br>\n<p class=\"text-justify\">\nAUTOMOVIL PRIVADO, MARCA {{frappe.db.get_value(\"Vehicle\",doc.asset,\"make\").upper()}}, A\u00d1O  {{frappe.db.get_value(\"Vehicle\",doc.asset,\"year\")}}, MODELO {{frappe.db.get_value(\"Vehicle\",doc.asset,\"model\").upper()}}, COLOR &nbsp;{{frappe.db.get_value(\"Vehicle\",doc.asset,\"color\").upper()}}, REGISTRO {{frappe.db.get_value(\"Vehicle\",doc.asset,\"license_plate\").upper()}}, CHASIS {{frappe.db.get_value(\"Vehicle\",doc.asset,\"chassis_no\").upper()}}, AMPARADO POR EL CERTIFICADO DE PROPIEDAD NO. ######, DE FECHA #####.\n</p>\n</br>\n<p class=\"text-justify\">\nSEGUNDO: Que dicha entrega se har\u00e1 para garantizar el pago de la suma (RD$  &nbsp; &nbsp; &nbsp; &nbsp; &nbsp; &nbsp; &nbsp; &nbsp; &nbsp;), adeudada por el (ella) a esa compa\u00f1\u00eda concedido en esta misma fecha, y que el caso de que incumpla su obligaci\u00f3n en ese plazo establecido.</br>\nTERCERO: Que por este acto, renuncia de intentar acciones, de reclamar derecho contra laCompania  \u201cHC AUTOS, SRL. \u201d o por cualquiera asunto presente o futuro relacionado con el Veh\u00edculo del cual se trata. \n\n</p>\n<div class=\"col-xs-12 column-break\">\n\t</br></br>\n\t<div class=\"text-center\">{{doc.customer.upper()}}</div>\n\t<div class=\"text-center\">Declarante</div>\n\t</br></br>\n</div>\n<p class=\"text-justify\">\nEn  Santo  Domingo,  Distrito  Nacional,  Capital  de  la  Republica  Dominicana, Hoy d\u00eda {{ doc.posting_date_str }} \nYo, DR. FEDERICO N. CASTILLO MORETA, abogado, Notario P\u00fablico de los del Numero del Distrito Nacional, Dominicano (a), mayor de edad, Soltero, portador (a) de la cedula de identidad y electoral No. 001-0244313-2, miembro activo del Colegio de Notarios Inc., matricula No 876. De los del n\u00famero del Distrito Nacional, con domicilio profesional, abierto en la Calle Las Palmas de Alma Rosa #2, Alma Rosa Ira., Certifico y Doy Fe: que las firmas que anteceden fueron puestas en mi presencia, libre y voluntariamente, por los se\u00f1ores  ING HUMBERTO A. CASTILLO Y EL (A)  SR (A). {{doc.customer.upper()}}, de generales anotadas y quienes me han declarado que esas son las mismas que usan en todos sus actos p\u00fablicos y privados. \n\n</p>\n<div class=\"col-xs-12 column-break\">\n\t</br></br></br>\n\t<div class=\"text-center\">DR. FEDERICO N. CASTILLO MORETA</div>\n\t<div class=\"text-center\">Abogado Notario Publico </div>\n</div>\n", 
  "line_breaks": 0, 
  "modified": "2017-07-04 15:40:05.163227", 
  "module": "Finance Manager", 
  "name": "Entrega Voluntaria", 
  "print_format_builder": 0, 
  "print_format_type": "Server", 
  "show_section_headings": 0, 
  "standard": "No"
 }, 
 {
  "align_labels_left": 0, 
  "css": null, 
  "custom_format": 1, 
  "disabled": 0, 
  "doc_type": "Journal Entry", 
  "docstatus": 0, 
  "doctype": "Print Format", 
  "font": "Default", 
  "format_data": null, 
  "html": "<!doctype html>\n<html lang=\"en\">\n    <head>\n        <style>\n            @media all {\n                .print-format {\n                    width: 8.5in;\n                    padding: 0.02in;\n                    min-height: 5.5in;\n                }\n                .weigted {\n                    font-weight: 100\n                }\n\n                .real-table {\n                    border: 1px solid gray;\n                    width: 93.5%;\n                    margin: 3%;\n                    box-sizing: border-box;\n                }\n\n                .real-table-widthed {\n                    width: 100%\n                }\n\n                .sign {\n                    border-top: 1px solid gray;\n                    margin-top: 10px;\n                    margin-left: 20px;\n                }\n\n                .print-format > * {\n                    font-family: \"Couriel New\", Arial, Verdana;\n                    font-weight: 100;\n                    font-size: 110%;\n                }\n            }\n        </style>\n    </head>\n    <body>\n        <table class=\"real-table-widthed\">\n            <tr>\n                <td colspan=\"4\">\n                    <h1 class=\"text-center\">RECIBO DE INGRESO</h1>\n                    <p class=\"text-center\">\n                        Av. 27 de Febrero esq. Abreu, San Carlos Sto. Dgo., D.N. <br>\n                        Tels.: 809-687-3494 &#9632;  809-686-2474 &#9632; Fax: 809-688-0016\n                    </p>\n                </td>\n            </tr>\n            <tr>\n                <td><label class=\"text-right weigted\">Recibo No.</label></td>\n                <td><strong class=\"text-left\">{{ doc.name or \"\" }}</strong></td>\n                <td><label class=\"text-right weigted\">Fecha Recibo</label></td>\n                <td><strong class=\"text-left\">{{ doc.posting_date or \"\" }}</strong></td>\n            </tr>\n            <tr>\n                <td><label class=\"text-right weigted\">Prestamo No.</label></td>\n                <td><strong class=\"text-left\">{{ doc.loan or \"\" }}</strong></td>\n                <td><label class=\"text-right weigted\">Cuota No.</label></td>\n                <td><strong class=\"text-left\">{{ doc.repayment_no or \"\" }}</strong></td>\n            </tr>\n            <tr>\n                <td><label class=\"text-right weigted\">Forma de Pago</label></td>\n                <td><strong class=\"text-left\">{{ doc.mode_of_payment or \"Efectivo\" }}</strong></td>\n           \n                <td><label class=\"text-right weigted\">Fecha Vence</label></td>\n                <td><strong class=\"text-left\">{{ doc.due_date or \"\" }}</strong></td>\n            </tr>\n        </table>\n\n        <table class=\"real-table\">\n            <tr>\n                <td><label class=\"text-right weigted\">Valor del Pagare ({{ doc.currency or \"DOP\" }})</label></td>\n                <td><strong class=\"text-left\">${{ doc.dutty_amount or \"0.00\" }}</strong></td>\n                <td><label class=\"text-right weigted\">Abono ({{ doc.currency or \"DOP\" }})</label></td>\n                <td><strong class=\"text-left\">${{ doc.partially_paid or \"0.00\" }}</strong></td>\n            </tr>\n            <tr>\n                <td><label class=\"text-right weigted\">Valor Pagado ({{ doc.currency or \"DOP\" }})</label></td>\n                <td><strong class=\"text-left\">${{ doc.amount_paid or \"0.00\" }}</strong></td>\n           \n                <td><label class=\"text-right weigted\">Descuento ({{ doc.currency or \"DOP\" }})</label></td>\n                <td><strong class=\"text-left\">${{ doc.fine_discount or \"0.00\" }}</strong></td>\n            </tr>\n\n            <tr>\n                <td><label class=\"text-right weigted\">Monto Prestamo ({{ doc.currency or \"DOP\" }})</label></td>\n                <td><strong class=\"text-left\">${{ doc.loan_amount or \"0.00\" }}</strong></td>\n                <td><label class=\"text-right weigted\">Seguro ({{ doc.currency or \"DOP\" }})</label></td>\n                <td><strong class=\"text-left\">${{ doc.insurance_amount or \"0.00\" }}</strong></td>\n            </tr>\n            <tr>\n                <td><label class=\"text-right weigted\">Monto Pendiente ({{ doc.currency or \"DOP\" }})</label></td>\n                <td><strong class=\"text-left\">${{ doc.pending_amount or \"0.00\" }}</strong></td>\n                <td><label class=\"text-right weigted\">Cargo por Mora ({{ doc.currency or \"DOP\" }})</label></td>\n                <td><strong class=\"text-left\">${{ doc.fine or \"0.00\" }}</strong></td>\n            </tr>\n        </table>\n        <table class=\"real-table-widthed\">\n            <tr>\n                <td><div class=\"col-xs-6 sign\"><label class=\"text-center\">Recibido por</label></div></td>\n            </td>\n        </table>\n    </body>\n</html>", 
  "line_breaks": 0, 
  "modified": "2017-07-06 01:16:06.039383", 
  "module": "Accounts", 
  "name": "Recibo de Ingreso", 
  "print_format_builder": 1, 
  "print_format_type": "Server", 
  "show_section_headings": 0, 
  "standard": "No"
 }
]